residue1,chain1,resseq1,resname1,residue2,chain2,resseq2,resname2,contact_type,distance_angstrom
ASN A:27,A,27,ASN,ARG B:33,B,33,ARG,hydrogen_bond,3.286
SER A:29,A,29,SER,ARG B:33,B,33,ARG,hydrogen_bond,3.19
THR A:30,A,30,THR,ASP B:55,B,55,ASP,hydrogen_bond,2.725
THR A:30,A,30,THR,ASP B:55,B,55,ASP,hydrogen_bond,2.813
ASP A:31,A,31,ASP,TYR B:54,B,54,TYR,hydrogen_bond,2.993
ASP A:31,A,31,ASP,TYR B:54,B,54,TYR,hydrogen_bond,3.486
THR A:44,A,44,THR,ARG B:33,B,33,ARG,hydrogen_bond,3.197
SER A:46,A,46,SER,TYR B:54,B,54,TYR,hydrogen_bond,3.44
GLU A:51,A,51,GLU,ARG B:31,B,31,ARG,hydrogen_bond,2.866
GLU A:51,A,51,GLU,ARG B:31,B,31,ARG,hydrogen_bond,2.657
GLU A:51,A,51,GLU,ARG B:31,B,31,ARG,hydrogen_bond,3.169
SER A:53,A,53,SER,ARG B:31,B,31,ARG,hydrogen_bond,3.438
SER A:304,A,304,SER,ARG B:31,B,31,ARG,hydrogen_bond,2.986
SER A:305,A,305,SER,TYR B:32,B,32,TYR,hydrogen_bond,3.418
ARG A:329,A,329,ARG,TYR B:54,B,54,TYR,hydrogen_bond,2.773
THR A:358,A,358,THR,TYR B:60,B,60,TYR,hydrogen_bond,3.115
GLY A:359,A,359,GLY,ASP B:62,B,62,ASP,hydrogen_bond,3.259
ASP A:362,A,362,ASP,TYR B:37,B,37,TYR,hydrogen_bond,3.145
ASN A:396,A,396,ASN,GLY B:102,B,102,GLY,hydrogen_bond,2.762
ARG B:31,B,31,ARG,GLU A:51,A,51,GLU,salt_bridge,2.866
ARG B:31,B,31,ARG,GLU A:51,A,51,GLU,salt_bridge,2.657
ARG B:31,B,31,ARG,GLU A:51,A,51,GLU,salt_bridge,3.169
VAL A:47,A,47,VAL,PRO B:101,B,101,PRO,hydrophobic,4.473
VAL A:47,A,47,VAL,PRO B:101,B,101,PRO,hydrophobic,4.151
VAL A:47,A,47,VAL,PRO B:101,B,101,PRO,hydrophobic,4.119
VAL A:47,A,47,VAL,PRO B:101,B,101,PRO,hydrophobic,3.79
VAL A:47,A,47,VAL,PRO B:101,B,101,PRO,hydrophobic,3.628
ILE A:361,A,361,ILE,LEU B:47,B,47,LEU,hydrophobic,4.218
ILE A:361,A,361,ILE,LEU B:47,B,47,LEU,hydrophobic,4.193
ILE A:361,A,361,ILE,LEU B:47,B,47,LEU,hydrophobic,4.078
ILE A:361,A,361,ILE,LEU B:47,B,47,LEU,hydrophobic,4.175
ILE A:361,A,361,ILE,LEU B:47,B,47,LEU,hydrophobic,4.119
ILE A:361,A,361,ILE,TYR B:60,B,60,TYR,hydrophobic,3.988
ILE A:361,A,361,ILE,ALA B:61,B,61,ALA,hydrophobic,3.992
ILE A:361,A,361,ILE,ALA B:61,B,61,ALA,hydrophobic,3.778
ILE A:361,A,361,ILE,TYR B:60,B,60,TYR,hydrophobic,4.184
ILE A:361,A,361,ILE,LEU B:47,B,47,LEU,hydrophobic,4.36
ILE A:361,A,361,ILE,LEU B:47,B,47,LEU,hydrophobic,3.803
ILE A:361,A,361,ILE,LEU B:47,B,47,LEU,hydrophobic,4.074
ILE A:361,A,361,ILE,LEU B:47,B,47,LEU,hydrophobic,3.967
ILE A:361,A,361,ILE,VAL B:48,B,48,VAL,hydrophobic,4.413
ILE A:361,A,361,ILE,VAL B:48,B,48,VAL,hydrophobic,3.668
ILE A:361,A,361,ILE,ALA B:49,B,49,ALA,hydrophobic,3.874
ILE A:361,A,361,ILE,ALA B:49,B,49,ALA,hydrophobic,4.34
ILE A:361,A,361,ILE,TYR B:60,B,60,TYR,hydrophobic,3.657
ILE A:361,A,361,ILE,TYR B:60,B,60,TYR,hydrophobic,3.561
ILE A:361,A,361,ILE,ALA B:61,B,61,ALA,hydrophobic,4.203
ILE A:361,A,361,ILE,ALA B:61,B,61,ALA,hydrophobic,4.146
ILE A:361,A,361,ILE,LEU B:47,B,47,LEU,hydrophobic,4.01
ILE A:361,A,361,ILE,LEU B:47,B,47,LEU,hydrophobic,4.482
ILE A:361,A,361,ILE,LEU B:47,B,47,LEU,hydrophobic,4.064
ILE A:388,A,388,ILE,LEU B:104,B,104,LEU,hydrophobic,4.451
ILE A:388,A,388,ILE,LEU B:104,B,104,LEU,hydrophobic,3.747
ILE A:388,A,388,ILE,LEU B:104,B,104,LEU,hydrophobic,3.523
ILE A:388,A,388,ILE,LEU B:104,B,104,LEU,hydrophobic,3.523
ILE A:388,A,388,ILE,LEU B:104,B,104,LEU,hydrophobic,4.195
VAL A:395,A,395,VAL,PRO B:101,B,101,PRO,hydrophobic,4.248
VAL A:395,A,395,VAL,PRO B:101,B,101,PRO,hydrophobic,4.182
VAL A:395,A,395,VAL,PRO B:101,B,101,PRO,hydrophobic,3.503
VAL A:395,A,395,VAL,PRO B:101,B,101,PRO,hydrophobic,4.442
VAL A:395,A,395,VAL,PRO B:101,B,101,PRO,hydrophobic,4.451