chain,resseq,resname,total_contacts,hydrogen_bond,salt_bridge,disulfide,hydrophobic,pi_stacking,partner_residues
A,27,ASN,1,1,0,0,0,0,ARG B:33
A,29,SER,1,1,0,0,0,0,ARG B:33
A,30,THR,2,2,0,0,0,0,ASP B:55
A,304,SER,1,1,0,0,0,0,ARG B:31
A,305,SER,1,1,0,0,0,0,TYR B:32
A,31,ASP,2,2,0,0,0,0,TYR B:54
A,329,ARG,1,1,0,0,0,0,TYR B:54
A,358,THR,1,1,0,0,0,0,TYR B:60
A,359,GLY,1,1,0,0,0,0,ASP B:62
A,361,ILE,24,0,0,0,24,0,ALA B:49; ALA B:61; LEU B:47; TYR B:60; VAL B:48
A,362,ASP,1,1,0,0,0,0,TYR B:37
A,388,ILE,5,0,0,0,5,0,LEU B:104
A,395,VAL,5,0,0,0,5,0,PRO B:101
A,396,ASN,1,1,0,0,0,0,GLY B:102
A,44,THR,1,1,0,0,0,0,ARG B:33
A,46,SER,1,1,0,0,0,0,TYR B:54
A,47,VAL,5,0,0,0,5,0,PRO B:101
A,51,GLU,6,3,3,0,0,0,ARG B:31
A,53,SER,1,1,0,0,0,0,ARG B:31
B,101,PRO,10,0,0,0,10,0,VAL A:395; VAL A:47
B,102,GLY,1,1,0,0,0,0,ASN A:396
B,104,LEU,5,0,0,0,5,0,ILE A:388
B,31,ARG,8,5,3,0,0,0,GLU A:51; SER A:304; SER A:53
B,32,TYR,1,1,0,0,0,0,SER A:305
B,33,ARG,3,3,0,0,0,0,ASN A:27; SER A:29; THR A:44
B,37,TYR,1,1,0,0,0,0,ASP A:362
B,47,LEU,12,0,0,0,12,0,ILE A:361
B,48,VAL,2,0,0,0,2,0,ILE A:361
B,49,ALA,2,0,0,0,2,0,ILE A:361
B,54,TYR,4,4,0,0,0,0,ARG A:329; ASP A:31; SER A:46
B,55,ASP,2,2,0,0,0,0,THR A:30
B,60,TYR,5,1,0,0,4,0,ILE A:361; THR A:358
B,61,ALA,4,0,0,0,4,0,ILE A:361
B,62,ASP,1,1,0,0,0,0,GLY A:359