Cluster,Members,Representative,"Weighted Score"
0,131,Center,-656.1
0,131,"Lowest Energy",-783.5
1,76,Center,-591.4
1,76,"Lowest Energy",-675.4
2,71,Center,-643.1
2,71,"Lowest Energy",-744.5
3,51,Center,-600.9
3,51,"Lowest Energy",-753.3
4,46,Center,-643.4
4,46,"Lowest Energy",-730.1
5,43,Center,-680.3
5,43,"Lowest Energy",-748.3
6,42,Center,-599.0
6,42,"Lowest Energy",-669.4
7,38,Center,-652.6
7,38,"Lowest Energy",-802.2
8,35,Center,-592.5
8,35,"Lowest Energy",-646.0
9,33,Center,-607.4
9,33,"Lowest Energy",-715.1
10,30,Center,-609.2
10,30,"Lowest Energy",-677.4
11,25,Center,-635.4
11,25,"Lowest Energy",-675.6
12,25,Center,-611.9
12,25,"Lowest Energy",-667.0
13,24,Center,-601.6
13,24,"Lowest Energy",-769.9
14,23,Center,-591.0
14,23,"Lowest Energy",-666.9
15,20,Center,-610.4
15,20,"Lowest Energy",-718.8
16,19,Center,-610.8
16,19,"Lowest Energy",-759.2
17,19,Center,-676.9
17,19,"Lowest Energy",-676.9
18,18,Center,-626.5
18,18,"Lowest Energy",-650.6
19,18,Center,-693.7
19,18,"Lowest Energy",-693.7
20,18,Center,-594.3
20,18,"Lowest Energy",-668.4
21,17,Center,-630.0
21,17,"Lowest Energy",-647.0
22,17,Center,-671.9
22,17,"Lowest Energy",-671.9
23,13,Center,-706.3
23,13,"Lowest Energy",-706.3
24,12,Center,-602.1
24,12,"Lowest Energy",-626.6
25,12,Center,-595.7
25,12,"Lowest Energy",-651.0
26,11,Center,-613.9
26,11,"Lowest Energy",-698.3
27,11,Center,-603.5
27,11,"Lowest Energy",-662.5
28,9,Center,-600.6
28,9,"Lowest Energy",-662.8
29,8,Center,-601.1
29,8,"Lowest Energy",-606.8
